sample_id,delay_ms,alert_latency_ms
1,0.53,0.24
2,0.13,0.24
3,0.86,0.24
4,0.49,0.21
5,0.2,0.21
6,0.62,0.21
7,0.27,0.26
8,0.2,0.26
9,0.16,0.26
10,0.22,0.31
11,0.29,0.31
12,0.24,0.31
13,0.28,0.18
14,0.21,0.18
15,0.23,0.18
16,0.3,0.19
17,0.29,0.19
18,0.24,0.19
19,0.61,0.2
20,0.36,0.2
21,0.32,0.2
22,0.21,0.31
23,0.25,0.31
24,0.2,0.31
25,0.26,0.22
26,0.4,0.22
27,0.0,0.22
28,0.22,0.34
29,0.26,0.34
30,0.0,0.34
31,0.26,0.46
32,0.3,0.46
33,0.16,0.46
34,0.21,0.22
35,0.16,0.22
36,0.34,0.22
37,0.28,0.43
38,0.29,0.43
39,0.17,0.43
40,0.3,0.23
41,0.37,0.23
42,0.31,0.23
43,0.26,0.24
44,0.18,0.24
45,0.0,0.24
46,0.34,0.21
47,0.38,0.21
48,0.3,0.21
49,0.54,0.23
50,0.34,0.23
51,0.32,0.23
52,0.19,0.26
53,0.22,0.26
54,0.23,0.26
55,0.24,0.39
56,0.31,0.39
57,0.19,0.39
58,0.21,0.27
59,0.2,0.27
60,0.26,0.27
61,0.29,0.21
62,0.28,0.21
63,0.25,0.21
64,0.24,0.2
65,0.22,0.2
66,0.28,0.2
67,0.29,0.15
68,0.21,0.15
69,0.2,0.15
70,0.13,0.29
71,0.33,0.29
72,0.31,0.29
73,0.28,0.25
74,0.22,0.25
75,0.0,0.25
76,0.35,0.27
77,0.3,0.27
78,0.22,0.27
79,0.4,0.23
80,0.18,0.23
81,0.31,0.23
82,0.33,0.27
83,0.22,0.27
84,0.25,0.27
85,0.21,0.17
86,5.61,0.17
87,0.0,0.17
88,0.0,
89,0.0,
90,0.0,
91,0.26,
92,0.22,
93,0.31,
94,0.26,
95,0.2,
96,0.29,
97,0.34,
98,0.26,
99,0.46,
100,0.19,
101,0.3,
102,0.3,
103,0.27,
104,0.24,
105,0.2,
106,0.37,
107,0.25,
108,0.26,
109,0.24,
110,0.0,
111,0.31,
112,0.22,
113,0.27,
114,0.43,
115,0.18,
116,0.25,
117,0.25,
118,0.18,
119,0.18,
120,0.21,
121,0.29,
122,0.26,
123,0.25,
124,0.19,
125,0.2,
126,0.29,
127,0.23,
128,0.27,
129,0.24,
130,0.0,
131,0.36,
132,0.26,
133,0.28,
134,0.17,
135,0.21,
136,0.3,
137,0.26,
138,0.24,
139,0.2,
140,0.17,
141,0.27,
142,0.21,
143,0.22,
144,0.23,
145,0.0,
146,0.29,
147,0.36,
148,0.32,
149,0.42,
150,0.18,
151,0.3,
152,0.16,
153,0.19,
154,0.21,
155,0.2,
156,0.22,
157,0.26,
158,0.23,
159,0.39,
160,0.14,
161,0.35,
162,0.23,
163,0.3,
164,0.48,
165,0.22,
166,0.29,
167,0.22,
168,0.23,
169,0.67,
170,5.86,
171,0.16,
172,6.2,
173,0.16,
174,0.16,
175,0.24,
176,0.2,
177,0.17,
178,0.28,
179,0.21,
180,0.44,
181,0.27,
182,0.23,
183,0.21,
184,0.19,
185,0.29,
186,0.18,
187,0.26,
188,0.28,
189,0.26,
190,0.22,
191,0.28,
192,0.31,
193,0.24,
194,0.29,
195,0.31,
196,0.2,
197,0.23,
198,0.15,
199,0.16,
200,0.25,
201,0.22,
202,0.28,
203,0.29,
204,0.22,
205,0.26,
206,0.2,
207,0.21,
208,0.22,
209,0.17,
210,0.3,
211,0.29,
212,0.19,
213,0.25,
214,0.24,
215,0.42,
216,0.26,
217,0.32,
218,0.16,
219,0.27,
220,0.27,
221,0.15,
222,0.13,
223,0.19,
224,0.22,
225,0.33,
226,0.27,
227,0.37,
228,0.23,
229,0.21,
230,0.25,
231,0.22,
232,0.15,
233,0.22,
234,0.21,
235,0.29,
236,0.29,
237,0.28,
238,0.22,
239,0.29,
240,0.3,
241,0.27,
242,0.0,
243,0.17,
244,0.2,
245,0.29,
246,0.27,
247,0.22,
248,0.32,
249,0.21,
250,0.23,
251,0.25,
252,0.25,
253,0.21,
254,0.46,
